timestamp,strategy,mode,pair,timerange,wallet,n_trades,win_rate_pct,roi_pct,max_dd_pct,sharpe,sortino,profit_factor,calmar,total_pnl,run_dir,notes
20260602_172321,BtcRegimeShieldStrategy,RS_AGGR,BTC/USDT,20210101-20260101,10000.0,8,75.0,229.497,10.86,0.052,0.476,5.641,22.111,22949.74383083,20260602_172321__BtcRegimeShieldStrategy__RS_AGGR__BTC_USDT,Pure Shield baseline 5y BTC
20260602_172800,BtcAiShieldStrategy,default,BTC/USDT,20210101-20260101,10000.0,22,72.73,279.706,11.794,0.101,0.182,3.511,24.814,27970.56801113,20260602_172800__BtcAiShieldStrategy__default__BTC_USDT,AI Shield: Pure Shield + Halving Cycle + Anomaly
20260602_182758,BtcPairComboStrategy,default,BTC/USDT,20210101-20220101,10000.0,6,66.67,35.532,12.628,0.173,2.73,3.137,14.727,3553.1710202000004,20260602_182758__BtcPairComboStrategy__default__BTC_USDT,combo eval
20260602_182801,BtcPairComboStrategy,default,BTC/USDT,20220101-20230101,10000.0,1,0.0,-7.148,7.148,-100.0,-100.0,0.0,-5.234,-714.7812859000001,20260602_182801__BtcPairComboStrategy__default__BTC_USDT,combo eval
20260602_182804,BtcPairComboStrategy,default,BTC/USDT,20230101-20240101,10000.0,5,60.0,44.441,3.953,0.15,6.948,11.26,58.844,4444.09793688,20260602_182804__BtcPairComboStrategy__default__BTC_USDT,combo eval
20260602_182808,BtcPairComboStrategy,default,BTC/USDT,20240101-20250101,10000.0,6,33.33,27.186,12.666,0.111,0.448,2.578,11.204,2718.55708003,20260602_182808__BtcPairComboStrategy__default__BTC_USDT,combo eval
20260602_182811,BtcPairComboStrategy,default,BTC/USDT,20250101-20260101,10000.0,2,50.0,1.501,0.519,0.062,-100.0,3.893,15.141,150.11303139000012,20260602_182811__BtcPairComboStrategy__default__BTC_USDT,combo eval
20260602_182814,BtcPairComboStrategy,default,BTC/USDT,20260101-20260601,10000.0,0,0.0,0.0,0.0,0.0,0.0,0.0,0.0,0.0,20260602_182814__BtcPairComboStrategy__default__BTC_USDT,combo eval
20260602_182817,BtcAiShieldStrategy,default,BTC/USDT,20210101-20220101,10000.0,8,87.5,94.157,6.95,0.471,-100.0,12.809,70.908,9415.68849228,20260602_182817__BtcAiShieldStrategy__default__BTC_USDT,combo eval
20260602_182821,BtcAiShieldStrategy,default,BTC/USDT,20220101-20230101,10000.0,0,0.0,0.0,0.0,0.0,0.0,0.0,0.0,0.0,20260602_182821__BtcAiShieldStrategy__default__BTC_USDT,combo eval
20260602_182824,BtcAiShieldStrategy,default,BTC/USDT,20230101-20240101,10000.0,6,100.0,42.334,0.0,0.68,-100.0,0.0,-100.0,4233.39651737,20260602_182824__BtcAiShieldStrategy__default__BTC_USDT,combo eval
20260602_182827,BtcAiShieldStrategy,default,BTC/USDT,20240101-20250101,10000.0,7,42.86,33.074,12.57,0.134,0.367,2.521,13.734,3307.35707318,20260602_182827__BtcAiShieldStrategy__default__BTC_USDT,combo eval
20260602_182831,BtcAiShieldStrategy,default,BTC/USDT,20250101-20260101,10000.0,2,50.0,12.272,4.018,0.059,-100.0,3.611,15.988,1227.19520053,20260602_182831__BtcAiShieldStrategy__default__BTC_USDT,combo eval
20260602_182834,BtcAiShieldStrategy,default,BTC/USDT,20260101-20260601,10000.0,0,0.0,0.0,0.0,0.0,0.0,0.0,0.0,0.0,20260602_182834__BtcAiShieldStrategy__default__BTC_USDT,combo eval
20260602_182837,BtcRegimeShieldStrategy,RS_AGGR,BTC/USDT,20210101-20220101,10000.0,2,100.0,47.0,0.0,3.472,-100.0,0.0,-100.0,4699.99791274,20260602_182837__BtcRegimeShieldStrategy__RS_AGGR__BTC_USDT,combo eval
20260602_182840,BtcRegimeShieldStrategy,RS_AGGR,BTC/USDT,20220101-20230101,10000.0,1,0.0,-13.386,13.386,-100.0,-100.0,0.0,-5.234,-1338.59259823,20260602_182840__BtcRegimeShieldStrategy__RS_AGGR__BTC_USDT,combo eval
20260602_182843,BtcRegimeShieldStrategy,RS_AGGR,BTC/USDT,20230101-20240101,10000.0,2,100.0,73.726,0.0,0.245,-100.0,0.0,-100.0,7372.57633241,20260602_182843__BtcRegimeShieldStrategy__RS_AGGR__BTC_USDT,combo eval
20260602_182847,BtcRegimeShieldStrategy,RS_AGGR,BTC/USDT,20240101-20250101,10000.0,3,66.67,52.856,10.86,0.121,-100.0,4.848,25.406,5285.56386526,20260602_182847__BtcRegimeShieldStrategy__RS_AGGR__BTC_USDT,combo eval
20260602_182850,BtcRegimeShieldStrategy,RS_AGGR,BTC/USDT,20250101-20260101,10000.0,1,100.0,9.01,0.0,-100.0,-100.0,0.0,-100.0,901.00043496,20260602_182850__BtcRegimeShieldStrategy__RS_AGGR__BTC_USDT,combo eval
20260602_182853,BtcRegimeShieldStrategy,RS_AGGR,BTC/USDT,20260101-20260601,10000.0,0,0.0,0.0,0.0,0.0,0.0,0.0,0.0,0.0,20260602_182853__BtcRegimeShieldStrategy__RS_AGGR__BTC_USDT,combo eval
20260602_215109,BtcTripleRegimeStrategy,TR_STRICT,BTC/USDT,20210101-20220101,10000.0,6,66.67,22.486,4.014,0.22,0.754,4.702,29.324,2248.61300987,20260602_215109__BtcTripleRegimeStrategy__TR_STRICT__BTC_USDT,"Triple strict, 20210101-20220101"
20260602_215112,BtcTripleRegimeStrategy,TR_STRICT,BTC/USDT,20220101-20230101,10000.0,0,0.0,0.0,0.0,0.0,0.0,0.0,0.0,0.0,20260602_215112__BtcTripleRegimeStrategy__TR_STRICT__BTC_USDT,"Triple strict, 20220101-20230101"
20260602_215116,BtcTripleRegimeStrategy,TR_STRICT,BTC/USDT,20230101-20240101,10000.0,6,50.0,11.716,5.873,0.099,0.551,2.672,10.442,1171.6285454099998,20260602_215116__BtcTripleRegimeStrategy__TR_STRICT__BTC_USDT,"Triple strict, 20230101-20240101"
20260602_215119,BtcTripleRegimeStrategy,TR_STRICT,BTC/USDT,20240101-20250101,10000.0,2,100.0,17.556,0.0,0.117,-100.0,0.0,-100.0,1755.64973235,20260602_215119__BtcTripleRegimeStrategy__TR_STRICT__BTC_USDT,"Triple strict, 20240101-20250101"
20260602_215123,BtcTripleRegimeStrategy,TR_STRICT,BTC/USDT,20250101-20260101,10000.0,3,66.67,2.071,6.159,0.017,-100.0,1.309,1.76,207.11928348000004,20260602_215123__BtcTripleRegimeStrategy__TR_STRICT__BTC_USDT,"Triple strict, 20250101-20260101"
20260602_215127,BtcTripleRegimeStrategy,TR_STRICT,BTC/USDT,20260101-20260601,10000.0,0,0.0,0.0,0.0,0.0,0.0,0.0,0.0,0.0,20260602_215127__BtcTripleRegimeStrategy__TR_STRICT__BTC_USDT,"Triple strict, 20260101-20260601"
20260602_221154,BtcAiShieldV2Strategy,sigmoid,BTC/USDT,20210101-20220101,10000.0,8,87.5,118.066,7.833,0.476,-100.0,13.914,78.896,11806.56940119,20260602_221154__BtcAiShieldV2Strategy__sigmoid__BTC_USDT,"AI Shield V2 sigmoid, 20210101-20220101"
20260602_221157,BtcAiShieldV2Strategy,sigmoid,BTC/USDT,20220101-20230101,10000.0,0,0.0,0.0,0.0,0.0,0.0,0.0,0.0,0.0,20260602_221157__BtcAiShieldV2Strategy__sigmoid__BTC_USDT,"AI Shield V2 sigmoid, 20220101-20230101"
20260602_221201,BtcAiShieldV2Strategy,sigmoid,BTC/USDT,20230101-20240101,10000.0,6,100.0,43.763,0.0,0.656,-100.0,0.0,-100.0,4376.27529996,20260602_221201__BtcAiShieldV2Strategy__sigmoid__BTC_USDT,"AI Shield V2 sigmoid, 20230101-20240101"
20260602_221205,BtcAiShieldV2Strategy,sigmoid,BTC/USDT,20240101-20250101,10000.0,7,42.86,33.364,17.367,0.114,0.264,2.15,10.028,3336.3718538000003,20260602_221205__BtcAiShieldV2Strategy__sigmoid__BTC_USDT,"AI Shield V2 sigmoid, 20240101-20250101"
20260602_221208,BtcAiShieldV2Strategy,sigmoid,BTC/USDT,20250101-20260101,10000.0,2,50.0,13.865,2.679,0.072,-100.0,5.423,27.088,1386.4758285,20260602_221208__BtcAiShieldV2Strategy__sigmoid__BTC_USDT,"AI Shield V2 sigmoid, 20250101-20260101"
20260602_221212,BtcAiShieldV2Strategy,sigmoid,BTC/USDT,20260101-20260601,10000.0,0,0.0,0.0,0.0,0.0,0.0,0.0,0.0,0.0,20260602_221212__BtcAiShieldV2Strategy__sigmoid__BTC_USDT,"AI Shield V2 sigmoid, 20260101-20260601"
20260602_221852,BtcAiShieldV3Strategy,COOLDOWN_7,BTC/USDT,20210101-20220101,10000.0,6,83.33,33.155,13.052,0.155,-100.0,3.176,13.297,3315.5462658200004,20260602_221852__BtcAiShieldV3Strategy__COOLDOWN_7__BTC_USDT,"AI V3 cooldown7, 20210101-20220101"
20260602_221856,BtcAiShieldV3Strategy,COOLDOWN_7,BTC/USDT,20220101-20230101,10000.0,0,0.0,0.0,0.0,0.0,0.0,0.0,0.0,0.0,20260602_221856__BtcAiShieldV3Strategy__COOLDOWN_7__BTC_USDT,"AI V3 cooldown7, 20220101-20230101"
20260602_221900,BtcAiShieldV3Strategy,COOLDOWN_7,BTC/USDT,20230101-20240101,10000.0,5,100.0,24.869,0.0,0.393,-100.0,0.0,-100.0,2486.91186371,20260602_221900__BtcAiShieldV3Strategy__COOLDOWN_7__BTC_USDT,"AI V3 cooldown7, 20230101-20240101"
20260602_221903,BtcAiShieldV3Strategy,COOLDOWN_7,BTC/USDT,20240101-20250101,10000.0,7,42.86,11.445,19.961,0.046,0.098,1.365,2.993,1144.54060769,20260602_221903__BtcAiShieldV3Strategy__COOLDOWN_7__BTC_USDT,"AI V3 cooldown7, 20240101-20250101"
20260602_221907,BtcAiShieldV3Strategy,COOLDOWN_7,BTC/USDT,20250101-20260101,10000.0,1,100.0,16.999,0.0,-100.0,-100.0,0.0,-100.0,1699.93222403,20260602_221907__BtcAiShieldV3Strategy__COOLDOWN_7__BTC_USDT,"AI V3 cooldown7, 20250101-20260101"
20260602_221910,BtcAiShieldV3Strategy,COOLDOWN_7,BTC/USDT,20260101-20260601,10000.0,0,0.0,0.0,0.0,0.0,0.0,0.0,0.0,0.0,20260602_221910__BtcAiShieldV3Strategy__COOLDOWN_7__BTC_USDT,"AI V3 cooldown7, 20260101-20260601"
20260602_222011,BtcAiShieldV3Strategy,COOLDOWN_3,BTC/USDT,20210101-20220101,10000.0,8,87.5,76.891,17.476,0.263,-100.0,4.77,23.03,7689.088926530001,20260602_222011__BtcAiShieldV3Strategy__COOLDOWN_3__BTC_USDT,"AI V3 cooldown3, 20210101-20220101"
20260602_222014,BtcAiShieldV3Strategy,COOLDOWN_3,BTC/USDT,20220101-20230101,10000.0,0,0.0,0.0,0.0,0.0,0.0,0.0,0.0,0.0,20260602_222014__BtcAiShieldV3Strategy__COOLDOWN_3__BTC_USDT,"AI V3 cooldown3, 20220101-20230101"
20260602_222018,BtcAiShieldV3Strategy,COOLDOWN_3,BTC/USDT,20230101-20240101,10000.0,6,100.0,40.911,0.0,0.662,-100.0,0.0,-100.0,4091.10079766,20260602_222018__BtcAiShieldV3Strategy__COOLDOWN_3__BTC_USDT,"AI V3 cooldown3, 20230101-20240101"
20260602_222022,BtcAiShieldV3Strategy,COOLDOWN_3,BTC/USDT,20240101-20250101,10000.0,7,42.86,29.552,18.112,0.101,0.244,1.945,8.517,2955.17105503,20260602_222022__BtcAiShieldV3Strategy__COOLDOWN_3__BTC_USDT,"AI V3 cooldown3, 20240101-20250101"
20260602_222026,BtcAiShieldV3Strategy,COOLDOWN_3,BTC/USDT,20250101-20260101,10000.0,1,100.0,16.999,0.0,-100.0,-100.0,0.0,-100.0,1699.93222403,20260602_222026__BtcAiShieldV3Strategy__COOLDOWN_3__BTC_USDT,"AI V3 cooldown3, 20250101-20260101"
20260602_222029,BtcAiShieldV3Strategy,COOLDOWN_3,BTC/USDT,20260101-20260601,10000.0,0,0.0,0.0,0.0,0.0,0.0,0.0,0.0,0.0,20260602_222029__BtcAiShieldV3Strategy__COOLDOWN_3__BTC_USDT,"AI V3 cooldown3, 20260101-20260601"
20260602_223451,BtcCalendarShieldStrategy,default,BTC/USDT,20210101-20220101,10000.0,0,0.0,0.0,0.0,0.0,0.0,0.0,0.0,0.0,20260602_223451__BtcCalendarShieldStrategy__default__BTC_USDT,"Calendar Shield, 20210101-20220101"
20260602_223454,BtcCalendarShieldStrategy,default,BTC/USDT,20220101-20230101,10000.0,0,0.0,0.0,0.0,0.0,0.0,0.0,0.0,0.0,20260602_223454__BtcCalendarShieldStrategy__default__BTC_USDT,"Calendar Shield, 20220101-20230101"
20260602_223457,BtcCalendarShieldStrategy,default,BTC/USDT,20230101-20240101,10000.0,0,0.0,0.0,0.0,0.0,0.0,0.0,0.0,0.0,20260602_223457__BtcCalendarShieldStrategy__default__BTC_USDT,"Calendar Shield, 20230101-20240101"
20260602_223501,BtcCalendarShieldStrategy,default,BTC/USDT,20240101-20250101,10000.0,0,0.0,0.0,0.0,0.0,0.0,0.0,0.0,0.0,20260602_223501__BtcCalendarShieldStrategy__default__BTC_USDT,"Calendar Shield, 20240101-20250101"
20260602_223504,BtcCalendarShieldStrategy,default,BTC/USDT,20250101-20260101,10000.0,0,0.0,0.0,0.0,0.0,0.0,0.0,0.0,0.0,20260602_223504__BtcCalendarShieldStrategy__default__BTC_USDT,"Calendar Shield, 20250101-20260101"
20260602_223507,BtcCalendarShieldStrategy,default,BTC/USDT,20260101-20260601,10000.0,0,0.0,0.0,0.0,0.0,0.0,0.0,0.0,0.0,20260602_223507__BtcCalendarShieldStrategy__default__BTC_USDT,"Calendar Shield, 20260101-20260601"
20260602_223835,BtcCalendarShieldStrategy,default,BTC/USDT,20210101-20220101,10000.0,8,87.5,121.6,7.833,0.473,-100.0,14.301,81.257,12159.977190279998,20260602_223835__BtcCalendarShieldStrategy__default__BTC_USDT,"Calendar Shield fixed, 20210101-20220101"
20260602_223839,BtcCalendarShieldStrategy,default,BTC/USDT,20220101-20230101,10000.0,0,0.0,0.0,0.0,0.0,0.0,0.0,0.0,0.0,20260602_223839__BtcCalendarShieldStrategy__default__BTC_USDT,"Calendar Shield fixed, 20220101-20230101"
20260602_223844,BtcCalendarShieldStrategy,default,BTC/USDT,20230101-20240101,10000.0,6,100.0,50.36,0.0,0.626,-100.0,0.0,-100.0,5035.966518650001,20260602_223844__BtcCalendarShieldStrategy__default__BTC_USDT,"Calendar Shield fixed, 20230101-20240101"
20260602_223848,BtcCalendarShieldStrategy,default,BTC/USDT,20240101-20250101,10000.0,7,42.86,36.36,18.297,0.114,0.264,2.172,10.373,3636.034432799999,20260602_223848__BtcCalendarShieldStrategy__default__BTC_USDT,"Calendar Shield fixed, 20240101-20250101"
20260602_223852,BtcCalendarShieldStrategy,default,BTC/USDT,20250101-20260101,10000.0,2,50.0,13.936,2.677,0.072,-100.0,5.448,27.254,1393.62564472,20260602_223852__BtcCalendarShieldStrategy__default__BTC_USDT,"Calendar Shield fixed, 20250101-20260101"
20260602_223856,BtcCalendarShieldStrategy,default,BTC/USDT,20260101-20260601,10000.0,0,0.0,0.0,0.0,0.0,0.0,0.0,0.0,0.0,20260602_223856__BtcCalendarShieldStrategy__default__BTC_USDT,"Calendar Shield fixed, 20260101-20260601"
20260602_225347,Btc3LayerStrategy,2021,BTC/USDT,20210101-20220101,10000.0,23,95.65,284.577,13.317,1.336,-100.0,5.816,165.955,28457.71556594,20260602_225347__Btc3LayerStrategy__2021__BTC_USDT,Idea C backfill — AVAX_3Layer
20260602_225351,Btc3LayerStrategy,2022,BTC/USDT,20220101-20230101,10000.0,1,0.0,-63.382,63.382,-100.0,-100.0,0.0,-5.234,-6338.1500766,20260602_225351__Btc3LayerStrategy__2022__BTC_USDT,Idea C backfill — AVAX_3Layer
20260602_225355,Btc3LayerStrategy,2023,BTC/USDT,20230101-20240101,10000.0,18,94.44,180.375,11.384,0.795,-100.0,6.008,82.934,18037.4575418,20260602_225355__Btc3LayerStrategy__2023__BTC_USDT,Idea C backfill — AVAX_3Layer
20260602_225359,Btc3LayerStrategy,2024,BTC/USDT,20240101-20250101,10000.0,5,80.0,-6.772,28.899,-0.019,-100.0,0.821,-1.223,-677.2312027999997,20260602_225359__Btc3LayerStrategy__2024__BTC_USDT,Idea C backfill — AVAX_3Layer
20260602_225403,Btc3LayerStrategy,2025,BTC/USDT,20250101-20260101,10000.0,2,50.0,-45.986,49.522,-0.08,-100.0,0.132,-4.86,-4598.563022,20260602_225403__Btc3LayerStrategy__2025__BTC_USDT,Idea C backfill — AVAX_3Layer
20260602_225407,Btc3LayerStrategy,2026Q12,BTC/USDT,20260101-20260601,10000.0,1,0.0,-23.861,23.861,-100.0,-100.0,0.0,-12.652,-2386.1441556,20260602_225407__Btc3LayerStrategy__2026Q12__BTC_USDT,Idea C backfill — AVAX_3Layer
20260602_225410,Btc3LayerStrategy,ADV_BEAR2022,BTC/USDT,20220101-20230101,10000.0,1,0.0,-63.382,63.382,-100.0,-100.0,0.0,-5.234,-6338.1500766,20260602_225410__Btc3LayerStrategy__ADV_BEAR2022__BTC_USDT,Idea C backfill — AVAX_3Layer
20260602_225414,Btc3LayerStrategy,ADV_SIDE2025,BTC/USDT,20250101-20260101,10000.0,2,50.0,-45.986,49.522,-0.08,-100.0,0.132,-4.86,-4598.563022,20260602_225414__Btc3LayerStrategy__ADV_SIDE2025__BTC_USDT,Idea C backfill — AVAX_3Layer
20260602_225418,Btc3LayerStrategy,ADV_BEAR26Q12,BTC/USDT,20260101-20260601,10000.0,1,0.0,-23.861,23.861,-100.0,-100.0,0.0,-12.652,-2386.1441556,20260602_225418__Btc3LayerStrategy__ADV_BEAR26Q12__BTC_USDT,Idea C backfill — AVAX_3Layer
20260602_225443,BtcDynamicRebalanceStrategy,2021,BTC/USDT,20210101-20220101,10000.0,1,100.0,271.016,0.0,-100.0,-100.0,0.0,-100.0,27101.6456704,20260602_225443__BtcDynamicRebalanceStrategy__2021__BTC_USDT,Idea C backfill — ETH_DynRebal
20260602_225449,BtcDynamicRebalanceStrategy,2022,BTC/USDT,20220101-20230101,10000.0,1,0.0,-54.923,54.923,-100.0,-100.0,0.0,-5.234,-5492.288179889998,20260602_225449__BtcDynamicRebalanceStrategy__2022__BTC_USDT,Idea C backfill — ETH_DynRebal
20260602_225456,BtcDynamicRebalanceStrategy,2023,BTC/USDT,20230101-20240101,10000.0,1,100.0,64.814,0.0,-100.0,-100.0,0.0,-100.0,6481.35325386,20260602_225456__BtcDynamicRebalanceStrategy__2023__BTC_USDT,Idea C backfill — ETH_DynRebal
20260602_225501,BtcDynamicRebalanceStrategy,2024,BTC/USDT,20240101-20250101,10000.0,1,100.0,32.285,0.0,-100.0,-100.0,0.0,-100.0,3228.5408604000004,20260602_225501__BtcDynamicRebalanceStrategy__2024__BTC_USDT,Idea C backfill — ETH_DynRebal
20260602_225506,BtcDynamicRebalanceStrategy,2025,BTC/USDT,20250101-20260101,10000.0,1,0.0,-3.084,3.084,-100.0,-100.0,0.0,-5.234,-308.40252528000013,20260602_225506__BtcDynamicRebalanceStrategy__2025__BTC_USDT,Idea C backfill — ETH_DynRebal
20260602_225511,BtcDynamicRebalanceStrategy,2026Q12,BTC/USDT,20260101-20260601,10000.0,1,0.0,-24.546,24.546,-100.0,-100.0,0.0,-12.737,-2454.56967779,20260602_225511__BtcDynamicRebalanceStrategy__2026Q12__BTC_USDT,Idea C backfill — ETH_DynRebal
20260602_225517,BtcDynamicRebalanceStrategy,ADV_BEAR2022,BTC/USDT,20220101-20230101,10000.0,1,0.0,-54.923,54.923,-100.0,-100.0,0.0,-5.234,-5492.288179889998,20260602_225517__BtcDynamicRebalanceStrategy__ADV_BEAR2022__BTC_USDT,Idea C backfill — ETH_DynRebal
20260602_225522,BtcDynamicRebalanceStrategy,ADV_SIDE2025,BTC/USDT,20250101-20260101,10000.0,1,0.0,-3.084,3.084,-100.0,-100.0,0.0,-5.234,-308.40252528000013,20260602_225522__BtcDynamicRebalanceStrategy__ADV_SIDE2025__BTC_USDT,Idea C backfill — ETH_DynRebal
20260602_225526,BtcDynamicRebalanceStrategy,ADV_BEAR26Q12,BTC/USDT,20260101-20260601,10000.0,1,0.0,-24.546,24.546,-100.0,-100.0,0.0,-12.737,-2454.56967779,20260602_225526__BtcDynamicRebalanceStrategy__ADV_BEAR26Q12__BTC_USDT,Idea C backfill — ETH_DynRebal
20260602_225612,BtcDynamicRebalanceStrategy,2021,BTC/USDT,20210101-20220101,10000.0,1,100.0,636.942,0.0,-100.0,-100.0,0.0,-100.0,63694.210681069984,20260602_225612__BtcDynamicRebalanceStrategy__2021__BTC_USDT,Idea C backfill — SOL_DynRebal
20260602_225619,BtcDynamicRebalanceStrategy,2022,BTC/USDT,20220101-20230101,10000.0,1,0.0,-87.002,87.002,-100.0,-100.0,0.0,-5.234,-8700.1556702,20260602_225619__BtcDynamicRebalanceStrategy__2022__BTC_USDT,Idea C backfill — SOL_DynRebal
20260602_225626,BtcDynamicRebalanceStrategy,2023,BTC/USDT,20230101-20240101,10000.0,1,100.0,509.202,0.0,-100.0,-100.0,0.0,-100.0,50920.19708032,20260602_225626__BtcDynamicRebalanceStrategy__2023__BTC_USDT,Idea C backfill — SOL_DynRebal
20260602_225631,BtcDynamicRebalanceStrategy,2024,BTC/USDT,20240101-20250101,10000.0,1,100.0,57.633,0.0,-100.0,-100.0,0.0,-100.0,5763.31590403,20260602_225631__BtcDynamicRebalanceStrategy__2024__BTC_USDT,Idea C backfill — SOL_DynRebal
20260602_225636,BtcDynamicRebalanceStrategy,2025,BTC/USDT,20250101-20260101,10000.0,1,0.0,-21.828,21.828,-100.0,-100.0,0.0,-5.234,-2182.7849586200005,20260602_225636__BtcDynamicRebalanceStrategy__2025__BTC_USDT,Idea C backfill — SOL_DynRebal
20260602_225640,BtcDynamicRebalanceStrategy,2026Q12,BTC/USDT,20260101-20260601,10000.0,1,0.0,-26.342,26.342,-100.0,-100.0,0.0,-12.737,-2634.16165426,20260602_225640__BtcDynamicRebalanceStrategy__2026Q12__BTC_USDT,Idea C backfill — SOL_DynRebal
20260602_225647,BtcDynamicRebalanceStrategy,ADV_BEAR2022,BTC/USDT,20220101-20230101,10000.0,1,0.0,-87.002,87.002,-100.0,-100.0,0.0,-5.234,-8700.1556702,20260602_225647__BtcDynamicRebalanceStrategy__ADV_BEAR2022__BTC_USDT,Idea C backfill — SOL_DynRebal
20260602_225651,BtcDynamicRebalanceStrategy,ADV_SIDE2025,BTC/USDT,20250101-20260101,10000.0,1,0.0,-21.828,21.828,-100.0,-100.0,0.0,-5.234,-2182.7849586200005,20260602_225651__BtcDynamicRebalanceStrategy__ADV_SIDE2025__BTC_USDT,Idea C backfill — SOL_DynRebal
20260602_225656,BtcDynamicRebalanceStrategy,ADV_BEAR26Q12,BTC/USDT,20260101-20260601,10000.0,1,0.0,-26.342,26.342,-100.0,-100.0,0.0,-12.737,-2634.16165426,20260602_225656__BtcDynamicRebalanceStrategy__ADV_BEAR26Q12__BTC_USDT,Idea C backfill — SOL_DynRebal
20260602_230301,BtcRegimeShieldStrategy,2021,BTC/USDT,20210101-20220101,10000.0,2,100.0,249.611,0.0,0.465,-100.0,0.0,-100.0,24961.07251841,20260602_230301__BtcRegimeShieldStrategy__2021__BTC_USDT,Idea C backfill — ETH_Shield
20260602_230305,BtcRegimeShieldStrategy,2022,BTC/USDT,20220101-20230101,10000.0,1,0.0,-11.746,11.746,-100.0,-100.0,0.0,-5.234,-1174.63060403,20260602_230305__BtcRegimeShieldStrategy__2022__BTC_USDT,Idea C backfill — ETH_Shield
20260602_230309,BtcRegimeShieldStrategy,2023,BTC/USDT,20230101-20240101,10000.0,2,100.0,38.892,0.0,0.298,-100.0,0.0,-100.0,3889.24792106,20260602_230309__BtcRegimeShieldStrategy__2023__BTC_USDT,Idea C backfill — ETH_Shield
20260602_230312,BtcRegimeShieldStrategy,2024,BTC/USDT,20240101-20250101,10000.0,2,50.0,24.352,1.022,0.094,-100.0,19.975,124.437,2435.15221486,20260602_230312__BtcRegimeShieldStrategy__2024__BTC_USDT,Idea C backfill — ETH_Shield
20260602_230316,BtcRegimeShieldStrategy,2025,BTC/USDT,20250101-20260101,10000.0,1,100.0,31.435,0.0,-100.0,-100.0,0.0,-100.0,3143.4564124,20260602_230316__BtcRegimeShieldStrategy__2025__BTC_USDT,Idea C backfill — ETH_Shield
20260602_230320,BtcRegimeShieldStrategy,2026Q12,BTC/USDT,20260101-20260601,10000.0,0,0.0,0.0,0.0,0.0,0.0,0.0,0.0,0.0,20260602_230320__BtcRegimeShieldStrategy__2026Q12__BTC_USDT,Idea C backfill — ETH_Shield
20260602_230323,BtcRegimeShieldStrategy,ADV_BEAR2022,BTC/USDT,20220101-20230101,10000.0,1,0.0,-11.746,11.746,-100.0,-100.0,0.0,-5.234,-1174.63060403,20260602_230323__BtcRegimeShieldStrategy__ADV_BEAR2022__BTC_USDT,Idea C backfill — ETH_Shield
20260602_230327,BtcRegimeShieldStrategy,ADV_SIDE2025,BTC/USDT,20250101-20260101,10000.0,1,100.0,31.435,0.0,-100.0,-100.0,0.0,-100.0,3143.4564124,20260602_230327__BtcRegimeShieldStrategy__ADV_SIDE2025__BTC_USDT,Idea C backfill — ETH_Shield
20260602_230330,BtcRegimeShieldStrategy,ADV_BEAR26Q12,BTC/USDT,20260101-20260601,10000.0,0,0.0,0.0,0.0,0.0,0.0,0.0,0.0,0.0,20260602_230330__BtcRegimeShieldStrategy__ADV_BEAR26Q12__BTC_USDT,Idea C backfill — ETH_Shield
20260602_230401,BtcRegimeShieldStrategy,2021,BTC/USDT,20210101-20220101,10000.0,1,100.0,902.624,0.0,-100.0,-100.0,0.0,-100.0,90262.37255167,20260602_230401__BtcRegimeShieldStrategy__2021__BTC_USDT,Idea C backfill — SOL_Shield
20260602_230405,BtcRegimeShieldStrategy,2022,BTC/USDT,20220101-20230101,10000.0,1,0.0,-31.666,31.666,-100.0,-100.0,0.0,-5.234,-3166.62876712,20260602_230405__BtcRegimeShieldStrategy__2022__BTC_USDT,Idea C backfill — SOL_Shield
20260602_230409,BtcRegimeShieldStrategy,2023,BTC/USDT,20230101-20240101,10000.0,3,66.67,231.456,13.096,0.103,-100.0,18.674,92.512,23145.6178896,20260602_230409__BtcRegimeShieldStrategy__2023__BTC_USDT,Idea C backfill — SOL_Shield
20260602_230413,BtcRegimeShieldStrategy,2024,BTC/USDT,20240101-20250101,10000.0,2,100.0,43.74,0.0,0.95,-100.0,0.0,-100.0,4373.993065879999,20260602_230413__BtcRegimeShieldStrategy__2024__BTC_USDT,Idea C backfill — SOL_Shield
20260602_230417,BtcRegimeShieldStrategy,2025,BTC/USDT,20250101-20260101,10000.0,3,0.0,-43.109,43.109,-0.223,-0.223,0.0,-5.234,-4310.87702951,20260602_230417__BtcRegimeShieldStrategy__2025__BTC_USDT,Idea C backfill — SOL_Shield
20260602_230420,BtcRegimeShieldStrategy,2026Q12,BTC/USDT,20260101-20260601,10000.0,0,0.0,0.0,0.0,0.0,0.0,0.0,0.0,0.0,20260602_230420__BtcRegimeShieldStrategy__2026Q12__BTC_USDT,Idea C backfill — SOL_Shield
20260602_230424,BtcRegimeShieldStrategy,ADV_BEAR2022,BTC/USDT,20220101-20230101,10000.0,1,0.0,-31.666,31.666,-100.0,-100.0,0.0,-5.234,-3166.62876712,20260602_230424__BtcRegimeShieldStrategy__ADV_BEAR2022__BTC_USDT,Idea C backfill — SOL_Shield
20260602_230428,BtcRegimeShieldStrategy,ADV_SIDE2025,BTC/USDT,20250101-20260101,10000.0,3,0.0,-43.109,43.109,-0.223,-0.223,0.0,-5.234,-4310.87702951,20260602_230428__BtcRegimeShieldStrategy__ADV_SIDE2025__BTC_USDT,Idea C backfill — SOL_Shield
20260602_230432,BtcRegimeShieldStrategy,ADV_BEAR26Q12,BTC/USDT,20260101-20260601,10000.0,0,0.0,0.0,0.0,0.0,0.0,0.0,0.0,0.0,20260602_230432__BtcRegimeShieldStrategy__ADV_BEAR26Q12__BTC_USDT,Idea C backfill — SOL_Shield
20260602_231947,BtcAiShieldV2Strategy,SOL_AIShV2_5Y,BTC/USDT,20210101-20260601,10000.0,19,63.16,1367.193,37.045,0.044,0.071,1.968,37.13,136719.31602890996,20260602_231947__BtcAiShieldV2Strategy__SOL_AIShV2_5Y__BTC_USDT,SOL AI Shield V2 — full 5y
20260602_232046,BtcTripleRegimeStrategy,SOL_Triple_2021,BTC/USDT,20210101-20220101,10000.0,5,40.0,49.466,15.574,0.117,0.605,2.586,21.07,4946.641081780001,20260602_232046__BtcTripleRegimeStrategy__SOL_Triple_2021__BTC_USDT,SOL Triple per-year
20260602_232050,BtcTripleRegimeStrategy,SOL_Triple_2022,BTC/USDT,20220101-20230101,10000.0,1,0.0,-12.694,12.694,-100.0,-100.0,0.0,-5.234,-1269.4325472,20260602_232050__BtcTripleRegimeStrategy__SOL_Triple_2022__BTC_USDT,SOL Triple per-year
20260602_232054,BtcTripleRegimeStrategy,SOL_Triple_2023,BTC/USDT,20230101-20240101,10000.0,3,33.33,2.251,11.313,0.013,0.079,1.199,1.042,225.12565772,20260602_232054__BtcTripleRegimeStrategy__SOL_Triple_2023__BTC_USDT,SOL Triple per-year
20260602_232057,BtcTripleRegimeStrategy,SOL_Triple_2024,BTC/USDT,20240101-20250101,10000.0,0,0.0,0.0,0.0,0.0,0.0,0.0,0.0,0.0,20260602_232057__BtcTripleRegimeStrategy__SOL_Triple_2024__BTC_USDT,SOL Triple per-year
20260602_232101,BtcTripleRegimeStrategy,SOL_Triple_2025,BTC/USDT,20250101-20260101,10000.0,3,33.33,-10.385,10.385,-0.104,-1.187,0.272,-5.234,-1038.53385257,20260602_232101__BtcTripleRegimeStrategy__SOL_Triple_2025__BTC_USDT,SOL Triple per-year
20260602_232105,BtcTripleRegimeStrategy,SOL_Triple_2026,BTC/USDT,20260101-20260601,10000.0,0,0.0,0.0,0.0,0.0,0.0,0.0,0.0,0.0,20260602_232105__BtcTripleRegimeStrategy__SOL_Triple_2026__BTC_USDT,SOL Triple per-year
20260602_232418,BtcSentimentShieldStrategy,SENT_2021,BTC/USDT,20210101-20220101,10000.0,8,87.5,118.311,8.001,0.479,-100.0,13.628,77.401,11831.11378014,20260602_232418__BtcSentimentShieldStrategy__SENT_2021__BTC_USDT,Sentiment Shield
20260602_232421,BtcSentimentShieldStrategy,SENT_2022,BTC/USDT,20220101-20230101,10000.0,0,0.0,0.0,0.0,0.0,0.0,0.0,0.0,0.0,20260602_232421__BtcSentimentShieldStrategy__SENT_2022__BTC_USDT,Sentiment Shield
20260602_232426,BtcSentimentShieldStrategy,SENT_2023,BTC/USDT,20230101-20240101,10000.0,6,100.0,52.658,0.0,0.642,-100.0,0.0,-100.0,5265.77951095,20260602_232426__BtcSentimentShieldStrategy__SENT_2023__BTC_USDT,Sentiment Shield
20260602_232430,BtcSentimentShieldStrategy,SENT_2024,BTC/USDT,20240101-20250101,10000.0,7,42.86,36.639,18.702,0.113,0.251,2.157,10.226,3663.89721604,20260602_232430__BtcSentimentShieldStrategy__SENT_2024__BTC_USDT,Sentiment Shield
20260602_232434,BtcSentimentShieldStrategy,SENT_2025,BTC/USDT,20250101-20260101,10000.0,2,50.0,11.907,4.409,0.056,-100.0,3.307,14.135,1190.6860567499998,20260602_232434__BtcSentimentShieldStrategy__SENT_2025__BTC_USDT,Sentiment Shield
20260602_232438,BtcSentimentShieldStrategy,SENT_2026,BTC/USDT,20260101-20260601,10000.0,0,0.0,0.0,0.0,0.0,0.0,0.0,0.0,0.0,20260602_232438__BtcSentimentShieldStrategy__SENT_2026__BTC_USDT,Sentiment Shield
20260602_233512,SolVolShieldStrategy,SOL_VOL_2021,BTC/USDT,20210101-20220101,10000.0,0,0.0,0.0,0.0,0.0,0.0,0.0,0.0,0.0,20260602_233512__SolVolShieldStrategy__SOL_VOL_2021__BTC_USDT,SOL VolShield
20260602_233516,SolVolShieldStrategy,SOL_VOL_2022,BTC/USDT,20220101-20230101,10000.0,0,0.0,0.0,0.0,0.0,0.0,0.0,0.0,0.0,20260602_233516__SolVolShieldStrategy__SOL_VOL_2022__BTC_USDT,SOL VolShield
20260602_233519,SolVolShieldStrategy,SOL_VOL_2023,BTC/USDT,20230101-20240101,10000.0,1,0.0,-7.179,7.179,-100.0,-100.0,0.0,-5.234,-717.9390876,20260602_233519__SolVolShieldStrategy__SOL_VOL_2023__BTC_USDT,SOL VolShield
20260602_233523,SolVolShieldStrategy,SOL_VOL_2024,BTC/USDT,20240101-20250101,10000.0,1,100.0,1.644,0.0,-100.0,-100.0,0.0,-100.0,164.3969868,20260602_233523__SolVolShieldStrategy__SOL_VOL_2024__BTC_USDT,SOL VolShield
20260602_233526,SolVolShieldStrategy,SOL_VOL_2025,BTC/USDT,20250101-20260101,10000.0,0,0.0,0.0,0.0,0.0,0.0,0.0,0.0,0.0,20260602_233526__SolVolShieldStrategy__SOL_VOL_2025__BTC_USDT,SOL VolShield
20260602_233530,SolVolShieldStrategy,SOL_VOL_2026,BTC/USDT,20260101-20260601,10000.0,0,0.0,0.0,0.0,0.0,0.0,0.0,0.0,0.0,20260602_233530__SolVolShieldStrategy__SOL_VOL_2026__BTC_USDT,SOL VolShield
20260602_233605,SolVolShieldStrategy,SOL_VOL2_2021,BTC/USDT,20210101-20220101,10000.0,4,75.0,250.71,9.371,0.201,-100.0,7.914,177.481,25071.03014462,20260602_233605__SolVolShieldStrategy__SOL_VOL2_2021__BTC_USDT,SOL VolShield v2
20260602_233609,SolVolShieldStrategy,SOL_VOL2_2022,BTC/USDT,20220101-20230101,10000.0,1,0.0,-14.916,14.916,-100.0,-100.0,0.0,-5.234,-1491.59410688,20260602_233609__SolVolShieldStrategy__SOL_VOL2_2022__BTC_USDT,SOL VolShield v2
20260602_233613,SolVolShieldStrategy,SOL_VOL2_2023,BTC/USDT,20230101-20240101,10000.0,3,100.0,131.821,0.0,0.224,-100.0,0.0,-100.0,13182.13704059,20260602_233613__SolVolShieldStrategy__SOL_VOL2_2023__BTC_USDT,SOL VolShield v2
20260602_233616,SolVolShieldStrategy,SOL_VOL2_2024,BTC/USDT,20240101-20250101,10000.0,1,100.0,8.555,0.0,-100.0,-100.0,0.0,-100.0,855.54227337,20260602_233616__SolVolShieldStrategy__SOL_VOL2_2024__BTC_USDT,SOL VolShield v2
20260602_233620,SolVolShieldStrategy,SOL_VOL2_2025,BTC/USDT,20250101-20260101,10000.0,3,33.33,-15.845,15.845,-0.104,-0.152,0.205,-5.234,-1584.54468094,20260602_233620__SolVolShieldStrategy__SOL_VOL2_2025__BTC_USDT,SOL VolShield v2
20260602_233624,SolVolShieldStrategy,SOL_VOL2_2026,BTC/USDT,20260101-20260601,10000.0,0,0.0,0.0,0.0,0.0,0.0,0.0,0.0,0.0,20260602_233624__SolVolShieldStrategy__SOL_VOL2_2026__BTC_USDT,SOL VolShield v2
20260602_233723,SolVolShieldStrategy,SOL_VOL3_2021,BTC/USDT,20210101-20220101,10000.0,3,100.0,251.728,0.0,0.238,-100.0,0.0,-100.0,25172.77097756,20260602_233723__SolVolShieldStrategy__SOL_VOL3_2021__BTC_USDT,SOL VolShield v3 chop-aware
20260602_233727,SolVolShieldStrategy,SOL_VOL3_2022,BTC/USDT,20220101-20230101,10000.0,0,0.0,0.0,0.0,0.0,0.0,0.0,0.0,0.0,20260602_233727__SolVolShieldStrategy__SOL_VOL3_2022__BTC_USDT,SOL VolShield v3 chop-aware
20260602_233731,SolVolShieldStrategy,SOL_VOL3_2023,BTC/USDT,20230101-20240101,10000.0,3,66.67,141.568,3.498,0.19,-100.0,41.468,211.821,14156.79706722,20260602_233731__SolVolShieldStrategy__SOL_VOL3_2023__BTC_USDT,SOL VolShield v3 chop-aware
20260602_233735,SolVolShieldStrategy,SOL_VOL3_2024,BTC/USDT,20240101-20250101,10000.0,2,0.0,-14.366,14.366,-0.108,-0.108,0.0,-5.22,-1436.60813501,20260602_233735__SolVolShieldStrategy__SOL_VOL3_2024__BTC_USDT,SOL VolShield v3 chop-aware
20260602_233738,SolVolShieldStrategy,SOL_VOL3_2025,BTC/USDT,20250101-20260101,10000.0,1,0.0,-12.81,12.81,-100.0,-100.0,0.0,-5.234,-1280.97847192,20260602_233738__SolVolShieldStrategy__SOL_VOL3_2025__BTC_USDT,SOL VolShield v3 chop-aware
20260602_233742,SolVolShieldStrategy,SOL_VOL3_2026,BTC/USDT,20260101-20260601,10000.0,0,0.0,0.0,0.0,0.0,0.0,0.0,0.0,0.0,20260602_233742__SolVolShieldStrategy__SOL_VOL3_2026__BTC_USDT,SOL VolShield v3 chop-aware
20260602_234002,BtcRegimeShieldStrategy,BNB_2021,BTC/USDT,20210101-20220101,10000.0,3,33.33,339.759,31.139,0.059,14.075,2.709,57.111,33975.901627939995,20260602_234002__BtcRegimeShieldStrategy__BNB_2021__BTC_USDT,BNB backfill
20260602_234006,BtcRegimeShieldStrategy,BNB_2022,BTC/USDT,20220101-20230101,10000.0,2,0.0,-20.323,20.323,-0.752,-0.752,0.0,-5.234,-2032.2591283,20260602_234006__BtcRegimeShieldStrategy__BNB_2022__BTC_USDT,BNB backfill
20260602_234010,BtcRegimeShieldStrategy,BNB_2023,BTC/USDT,20230101-20240101,10000.0,2,50.0,6.639,12.94,0.021,-100.0,1.513,2.686,663.9337633,20260602_234010__BtcRegimeShieldStrategy__BNB_2023__BTC_USDT,BNB backfill
20260602_234013,BtcRegimeShieldStrategy,BNB_2024,BTC/USDT,20240101-20250101,10000.0,1,100.0,105.14,0.0,-100.0,-100.0,0.0,-100.0,10513.9930146,20260602_234013__BtcRegimeShieldStrategy__BNB_2024__BTC_USDT,BNB backfill
20260602_234017,BtcRegimeShieldStrategy,BNB_2025,BTC/USDT,20250101-20260101,10000.0,1,100.0,23.426,0.0,-100.0,-100.0,0.0,-100.0,2342.56399125,20260602_234017__BtcRegimeShieldStrategy__BNB_2025__BTC_USDT,BNB backfill
20260602_234021,BtcRegimeShieldStrategy,BNB_2026,BTC/USDT,20260101-20260601,10000.0,1,0.0,-16.257,16.257,-100.0,-100.0,0.0,-12.652,-1625.66464073,20260602_234021__BtcRegimeShieldStrategy__BNB_2026__BTC_USDT,BNB backfill
20260602_234036,BtcRegimeShieldStrategy,DOGE_2021,BTC/USDT,20210101-20220101,10000.0,5,40.0,1679.178,75.116,0.025,0.044,1.313,117.009,167917.78105204998,20260602_234036__BtcRegimeShieldStrategy__DOGE_2021__BTC_USDT,DOGE backfill
20260602_234039,BtcRegimeShieldStrategy,DOGE_2022,BTC/USDT,20220101-20230101,10000.0,1,0.0,-31.977,31.977,-100.0,-100.0,0.0,-5.234,-3197.670564,20260602_234039__BtcRegimeShieldStrategy__DOGE_2022__BTC_USDT,DOGE backfill
20260602_234044,BtcRegimeShieldStrategy,DOGE_2023,BTC/USDT,20230101-20240101,10000.0,4,25.0,-17.241,33.373,-0.076,-0.435,0.483,-2.704,-1724.06016613,20260602_234044__BtcRegimeShieldStrategy__DOGE_2023__BTC_USDT,DOGE backfill
20260602_234047,BtcRegimeShieldStrategy,DOGE_2024,BTC/USDT,20240101-20250101,10000.0,3,66.67,98.126,23.24,0.097,-100.0,4.3,22.04,9812.5539877,20260602_234047__BtcRegimeShieldStrategy__DOGE_2024__BTC_USDT,DOGE backfill
20260602_234051,BtcRegimeShieldStrategy,DOGE_2025,BTC/USDT,20250101-20260101,10000.0,2,0.0,-18.885,18.885,-0.175,-0.175,0.0,-5.234,-1888.51894725,20260602_234051__BtcRegimeShieldStrategy__DOGE_2025__BTC_USDT,DOGE backfill
20260602_234055,BtcRegimeShieldStrategy,DOGE_2026,BTC/USDT,20260101-20260601,10000.0,0,0.0,0.0,0.0,0.0,0.0,0.0,0.0,0.0,20260602_234055__BtcRegimeShieldStrategy__DOGE_2026__BTC_USDT,DOGE backfill
20260602_234109,BtcMetaAdaptiveStrategy,ADA_2021,BTC/USDT,20210101-20220101,10000.0,4,100.0,169.603,0.0,0.316,-100.0,0.0,-100.0,16960.26958035,20260602_234109__BtcMetaAdaptiveStrategy__ADA_2021__BTC_USDT,ADA backfill
20260602_234113,BtcMetaAdaptiveStrategy,ADA_2022,BTC/USDT,20220101-20230101,10000.0,0,0.0,0.0,0.0,0.0,0.0,0.0,0.0,0.0,20260602_234113__BtcMetaAdaptiveStrategy__ADA_2022__BTC_USDT,ADA backfill
20260602_234117,BtcMetaAdaptiveStrategy,ADA_2023,BTC/USDT,20230101-20240101,10000.0,3,33.33,47.686,14.215,0.077,1.932,4.355,17.558,4768.58726278,20260602_234117__BtcMetaAdaptiveStrategy__ADA_2023__BTC_USDT,ADA backfill
20260602_234121,BtcMetaAdaptiveStrategy,ADA_2024,BTC/USDT,20240101-20250101,10000.0,2,50.0,67.96,2.079,0.098,-100.0,33.689,170.634,6795.96581705,20260602_234121__BtcMetaAdaptiveStrategy__ADA_2024__BTC_USDT,ADA backfill
20260602_234125,BtcMetaAdaptiveStrategy,ADA_2025,BTC/USDT,20250101-20260101,10000.0,4,0.0,-21.788,21.788,-0.938,-0.938,0.0,-5.234,-2178.8388111000004,20260602_234125__BtcMetaAdaptiveStrategy__ADA_2025__BTC_USDT,ADA backfill
20260602_234129,BtcMetaAdaptiveStrategy,ADA_2026,BTC/USDT,20260101-20260601,10000.0,0,0.0,0.0,0.0,0.0,0.0,0.0,0.0,0.0,20260602_234129__BtcMetaAdaptiveStrategy__ADA_2026__BTC_USDT,ADA backfill
20260602_234627,BtcTripleRegimeStrategy,BNB_Tri_2021,BTC/USDT,20210101-20220101,10000.0,4,75.0,93.142,6.987,0.141,-100.0,8.501,69.773,9314.20065993,20260602_234627__BtcTripleRegimeStrategy__BNB_Tri_2021__BTC_USDT,BNB Triple defensive
20260602_234631,BtcTripleRegimeStrategy,BNB_Tri_2022,BTC/USDT,20220101-20230101,10000.0,1,100.0,1.351,0.0,-100.0,-100.0,0.0,-100.0,135.09825,20260602_234631__BtcTripleRegimeStrategy__BNB_Tri_2022__BTC_USDT,BNB Triple defensive
20260602_234635,BtcTripleRegimeStrategy,BNB_Tri_2023,BTC/USDT,20230101-20240101,10000.0,2,50.0,-3.442,3.546,-0.098,-100.0,0.03,-5.08,-344.1825866,20260602_234635__BtcTripleRegimeStrategy__BNB_Tri_2023__BTC_USDT,BNB Triple defensive
20260602_234638,BtcTripleRegimeStrategy,BNB_Tri_2024,BTC/USDT,20240101-20250101,10000.0,4,75.0,14.158,2.264,0.111,-100.0,6.423,32.643,1415.8411457,20260602_234638__BtcTripleRegimeStrategy__BNB_Tri_2024__BTC_USDT,BNB Triple defensive
20260602_234642,BtcTripleRegimeStrategy,BNB_Tri_2025,BTC/USDT,20250101-20260101,10000.0,3,66.67,11.523,1.933,0.096,-100.0,6.96,31.198,1152.27178516,20260602_234642__BtcTripleRegimeStrategy__BNB_Tri_2025__BTC_USDT,BNB Triple defensive
20260602_234646,BtcTripleRegimeStrategy,BNB_Tri_2026,BTC/USDT,20260101-20260601,10000.0,1,0.0,-5.811,5.811,-100.0,-100.0,0.0,-12.652,-581.0781662,20260602_234646__BtcTripleRegimeStrategy__BNB_Tri_2026__BTC_USDT,BNB Triple defensive
20260602_234650,BtcTripleRegimeStrategy,ADA_Tri_2021,BTC/USDT,20210101-20220101,10000.0,2,50.0,36.063,2.599,0.091,-100.0,14.878,72.64,3606.26392748,20260602_234650__BtcTripleRegimeStrategy__ADA_Tri_2021__BTC_USDT,ADA Triple defensive
20260602_234653,BtcTripleRegimeStrategy,ADA_Tri_2022,BTC/USDT,20220101-20230101,10000.0,0,0.0,0.0,0.0,0.0,0.0,0.0,0.0,0.0,20260602_234653__BtcTripleRegimeStrategy__ADA_Tri_2022__BTC_USDT,ADA Triple defensive
20260602_234657,BtcTripleRegimeStrategy,ADA_Tri_2023,BTC/USDT,20230101-20240101,10000.0,2,50.0,33.732,1.245,0.097,-100.0,28.103,141.863,3373.1913589100004,20260602_234657__BtcTripleRegimeStrategy__ADA_Tri_2023__BTC_USDT,ADA Triple defensive
20260602_234701,BtcTripleRegimeStrategy,ADA_Tri_2024,BTC/USDT,20240101-20250101,10000.0,0,0.0,0.0,0.0,0.0,0.0,0.0,0.0,0.0,20260602_234701__BtcTripleRegimeStrategy__ADA_Tri_2024__BTC_USDT,ADA Triple defensive
20260602_234705,BtcTripleRegimeStrategy,ADA_Tri_2025,BTC/USDT,20250101-20260101,10000.0,2,50.0,7.656,1.96,0.069,-100.0,4.905,20.441,765.63128048,20260602_234705__BtcTripleRegimeStrategy__ADA_Tri_2025__BTC_USDT,ADA Triple defensive
20260602_234709,BtcTripleRegimeStrategy,ADA_Tri_2026,BTC/USDT,20260101-20260601,10000.0,0,0.0,0.0,0.0,0.0,0.0,0.0,0.0,0.0,20260602_234709__BtcTripleRegimeStrategy__ADA_Tri_2026__BTC_USDT,ADA Triple defensive
20260603_091304,BtcCalendarShieldStrategy,ETH_CAL_2021,BTC/USDT,20210101-20220101,10000.0,11,81.82,295.936,7.959,0.524,6.002,8.484,194.621,29593.59103823,20260603_091304__BtcCalendarShieldStrategy__ETH_CAL_2021__BTC_USDT,ETH Calendar Shield
20260603_091308,BtcCalendarShieldStrategy,ETH_CAL_2022,BTC/USDT,20220101-20230101,10000.0,0,0.0,0.0,0.0,0.0,0.0,0.0,0.0,0.0,20260603_091308__BtcCalendarShieldStrategy__ETH_CAL_2022__BTC_USDT,ETH Calendar Shield
20260603_091312,BtcCalendarShieldStrategy,ETH_CAL_2023,BTC/USDT,20230101-20240101,10000.0,4,100.0,29.578,0.0,0.547,-100.0,0.0,-100.0,2957.82131449,20260603_091312__BtcCalendarShieldStrategy__ETH_CAL_2023__BTC_USDT,ETH Calendar Shield
20260603_091316,BtcCalendarShieldStrategy,ETH_CAL_2024,BTC/USDT,20240101-20250101,10000.0,4,75.0,23.629,13.613,0.069,-100.0,2.213,9.061,2362.9206216,20260603_091316__BtcCalendarShieldStrategy__ETH_CAL_2024__BTC_USDT,ETH Calendar Shield
20260603_091320,BtcCalendarShieldStrategy,ETH_CAL_2025,BTC/USDT,20250101-20260101,10000.0,1,100.0,43.289,0.0,-100.0,-100.0,0.0,-100.0,4328.9396399,20260603_091320__BtcCalendarShieldStrategy__ETH_CAL_2025__BTC_USDT,ETH Calendar Shield
20260603_091323,BtcCalendarShieldStrategy,ETH_CAL_2026,BTC/USDT,20260101-20260601,10000.0,0,0.0,0.0,0.0,0.0,0.0,0.0,0.0,0.0,20260603_091323__BtcCalendarShieldStrategy__ETH_CAL_2026__BTC_USDT,ETH Calendar Shield
20260603_171703,BtcCalendarShieldStrategy,BNB_CAL_2021,BTC/USDT,20210101-20220101,10000.0,10,70.0,232.253,41.48,0.113,0.207,1.957,29.308,23225.34550089,20260603_171703__BtcCalendarShieldStrategy__BNB_CAL_2021__BTC_USDT,BNB Calendar Shield
20260603_171706,BtcCalendarShieldStrategy,BNB_CAL_2022,BTC/USDT,20220101-20230101,10000.0,2,0.0,-1.537,1.537,-0.116,-0.116,0.0,-5.234,-153.6949354,20260603_171706__BtcCalendarShieldStrategy__BNB_CAL_2022__BTC_USDT,BNB Calendar Shield
20260603_171710,BtcCalendarShieldStrategy,BNB_CAL_2023,BTC/USDT,20230101-20240101,10000.0,4,75.0,5.163,10.735,0.031,-100.0,1.478,2.517,516.2909003,20260603_171710__BtcCalendarShieldStrategy__BNB_CAL_2023__BTC_USDT,BNB Calendar Shield
20260603_171714,BtcCalendarShieldStrategy,BNB_CAL_2024,BTC/USDT,20240101-20250101,10000.0,5,80.0,72.754,3.273,0.27,-100.0,13.448,116.048,7275.43320278,20260603_171714__BtcCalendarShieldStrategy__BNB_CAL_2024__BTC_USDT,BNB Calendar Shield
20260603_171717,BtcCalendarShieldStrategy,BNB_CAL_2025,BTC/USDT,20250101-20260101,10000.0,2,50.0,34.921,11.793,0.051,-100.0,2.936,15.5,3492.068529990001,20260603_171717__BtcCalendarShieldStrategy__BNB_CAL_2025__BTC_USDT,BNB Calendar Shield
20260603_171721,BtcCalendarShieldStrategy,BNB_CAL_2026,BTC/USDT,20260101-20260601,10000.0,0,0.0,0.0,0.0,0.0,0.0,0.0,0.0,0.0,20260603_171721__BtcCalendarShieldStrategy__BNB_CAL_2026__BTC_USDT,BNB Calendar Shield
20260603_171724,SolVolShieldStrategy,AVAX_VOL_2021,BTC/USDT,20210101-20220101,10000.0,1,0.0,-10.318,10.318,-100.0,-100.0,0.0,-7.766,-1031.78920195,20260603_171724__SolVolShieldStrategy__AVAX_VOL_2021__BTC_USDT,AVAX VolShield ported
20260603_171728,SolVolShieldStrategy,AVAX_VOL_2022,BTC/USDT,20220101-20230101,10000.0,0,0.0,0.0,0.0,0.0,0.0,0.0,0.0,0.0,20260603_171728__SolVolShieldStrategy__AVAX_VOL_2022__BTC_USDT,AVAX VolShield ported
20260603_171732,SolVolShieldStrategy,AVAX_VOL_2023,BTC/USDT,20230101-20240101,10000.0,2,50.0,48.081,10.104,0.074,-100.0,5.758,24.907,4808.1302377,20260603_171732__SolVolShieldStrategy__AVAX_VOL_2023__BTC_USDT,AVAX VolShield ported
20260603_171735,SolVolShieldStrategy,AVAX_VOL_2024,BTC/USDT,20240101-20250101,10000.0,2,50.0,-13.804,14.974,-0.089,-100.0,0.078,-4.812,-1380.3913552,20260603_171735__SolVolShieldStrategy__AVAX_VOL_2024__BTC_USDT,AVAX VolShield ported
20260603_171739,SolVolShieldStrategy,AVAX_VOL_2025,BTC/USDT,20250101-20260101,10000.0,1,0.0,-4.865,4.865,-100.0,-100.0,0.0,-5.234,-486.5210184,20260603_171739__SolVolShieldStrategy__AVAX_VOL_2025__BTC_USDT,AVAX VolShield ported
20260603_171742,SolVolShieldStrategy,AVAX_VOL_2026,BTC/USDT,20260101-20260601,10000.0,0,0.0,0.0,0.0,0.0,0.0,0.0,0.0,0.0,20260603_171742__SolVolShieldStrategy__AVAX_VOL_2026__BTC_USDT,AVAX VolShield ported
20260603_172013,BtcCalendarShieldStrategy,ADA_CAL_2021,BTC/USDT,20210101-20220101,10000.0,11,72.73,280.381,18.522,0.25,0.391,3.752,79.236,28038.07592737,20260603_172013__BtcCalendarShieldStrategy__ADA_CAL_2021__BTC_USDT,ADA Calendar Shield
20260603_172016,BtcCalendarShieldStrategy,ADA_CAL_2022,BTC/USDT,20220101-20230101,10000.0,0,0.0,0.0,0.0,0.0,0.0,0.0,0.0,0.0,20260603_172016__BtcCalendarShieldStrategy__ADA_CAL_2022__BTC_USDT,ADA Calendar Shield
20260603_172020,BtcCalendarShieldStrategy,ADA_CAL_2023,BTC/USDT,20230101-20240101,10000.0,4,50.0,29.304,9.264,0.1,0.542,4.163,16.557,2930.4353783200004,20260603_172020__BtcCalendarShieldStrategy__ADA_CAL_2023__BTC_USDT,ADA Calendar Shield
20260603_172024,BtcCalendarShieldStrategy,ADA_CAL_2024,BTC/USDT,20240101-20250101,10000.0,4,50.0,5.008,25.72,0.007,0.047,1.081,1.016,500.7598712100007,20260603_172024__BtcCalendarShieldStrategy__ADA_CAL_2024__BTC_USDT,ADA Calendar Shield
20260603_172028,BtcCalendarShieldStrategy,ADA_CAL_2025,BTC/USDT,20250101-20260101,10000.0,3,0.0,-44.535,44.535,-0.339,-0.339,0.0,-5.234,-4453.54350627,20260603_172028__BtcCalendarShieldStrategy__ADA_CAL_2025__BTC_USDT,ADA Calendar Shield
20260603_172031,BtcCalendarShieldStrategy,ADA_CAL_2026,BTC/USDT,20260101-20260601,10000.0,0,0.0,0.0,0.0,0.0,0.0,0.0,0.0,0.0,20260603_172031__BtcCalendarShieldStrategy__ADA_CAL_2026__BTC_USDT,ADA Calendar Shield
20260603_182158,CalendarFuturesStrategy,SMOKE,BTC/USDT,20250101-20250201,10000.0,0,0.0,0.0,0.0,0.0,0.0,0.0,0.0,0.0,20260603_182158__CalendarFuturesStrategy__SMOKE__BTC_USDT,futures smoke test
20260603_182220,CalendarFuturesStrategy,BTC_FUT_2021,BTC/USDT,20210101-20220101,10000.0,0,0.0,0.0,0.0,0.0,0.0,0.0,0.0,0.0,20260603_182220__CalendarFuturesStrategy__BTC_FUT_2021__BTC_USDT,BTC Calendar Futures 1x long+short
20260603_182224,CalendarFuturesStrategy,BTC_FUT_2022,BTC/USDT,20220101-20230101,10000.0,0,0.0,0.0,0.0,0.0,0.0,0.0,0.0,0.0,20260603_182224__CalendarFuturesStrategy__BTC_FUT_2022__BTC_USDT,BTC Calendar Futures 1x long+short
20260603_182227,CalendarFuturesStrategy,BTC_FUT_2023,BTC/USDT,20230101-20240101,10000.0,0,0.0,0.0,0.0,0.0,0.0,0.0,0.0,0.0,20260603_182227__CalendarFuturesStrategy__BTC_FUT_2023__BTC_USDT,BTC Calendar Futures 1x long+short
20260603_182231,CalendarFuturesStrategy,BTC_FUT_2024,BTC/USDT,20240101-20250101,10000.0,0,0.0,0.0,0.0,0.0,0.0,0.0,0.0,0.0,20260603_182231__CalendarFuturesStrategy__BTC_FUT_2024__BTC_USDT,BTC Calendar Futures 1x long+short
20260603_182234,CalendarFuturesStrategy,BTC_FUT_2025,BTC/USDT,20250101-20260101,10000.0,0,0.0,0.0,0.0,0.0,0.0,0.0,0.0,0.0,20260603_182234__CalendarFuturesStrategy__BTC_FUT_2025__BTC_USDT,BTC Calendar Futures 1x long+short
20260603_182238,CalendarFuturesStrategy,BTC_FUT_2026,BTC/USDT,20260101-20260601,10000.0,0,0.0,0.0,0.0,0.0,0.0,0.0,0.0,0.0,20260603_182238__CalendarFuturesStrategy__BTC_FUT_2026__BTC_USDT,BTC Calendar Futures 1x long+short
20260603_182241,CalendarFuturesStrategy,ETH_FUT_2021,BTC/USDT,20210101-20220101,10000.0,0,0.0,0.0,0.0,0.0,0.0,0.0,0.0,0.0,20260603_182241__CalendarFuturesStrategy__ETH_FUT_2021__BTC_USDT,ETH Calendar Futures 1x long+short
20260603_182244,CalendarFuturesStrategy,ETH_FUT_2022,BTC/USDT,20220101-20230101,10000.0,0,0.0,0.0,0.0,0.0,0.0,0.0,0.0,0.0,20260603_182244__CalendarFuturesStrategy__ETH_FUT_2022__BTC_USDT,ETH Calendar Futures 1x long+short
20260603_182247,CalendarFuturesStrategy,ETH_FUT_2023,BTC/USDT,20230101-20240101,10000.0,0,0.0,0.0,0.0,0.0,0.0,0.0,0.0,0.0,20260603_182247__CalendarFuturesStrategy__ETH_FUT_2023__BTC_USDT,ETH Calendar Futures 1x long+short
20260603_182251,CalendarFuturesStrategy,ETH_FUT_2024,BTC/USDT,20240101-20250101,10000.0,0,0.0,0.0,0.0,0.0,0.0,0.0,0.0,0.0,20260603_182251__CalendarFuturesStrategy__ETH_FUT_2024__BTC_USDT,ETH Calendar Futures 1x long+short
20260603_182254,CalendarFuturesStrategy,ETH_FUT_2025,BTC/USDT,20250101-20260101,10000.0,0,0.0,0.0,0.0,0.0,0.0,0.0,0.0,0.0,20260603_182254__CalendarFuturesStrategy__ETH_FUT_2025__BTC_USDT,ETH Calendar Futures 1x long+short
20260603_182257,CalendarFuturesStrategy,ETH_FUT_2026,BTC/USDT,20260101-20260601,10000.0,0,0.0,0.0,0.0,0.0,0.0,0.0,0.0,0.0,20260603_182257__CalendarFuturesStrategy__ETH_FUT_2026__BTC_USDT,ETH Calendar Futures 1x long+short
20260603_182301,CalendarFuturesStrategy,BNB_FUT_2021,BTC/USDT,20210101-20220101,10000.0,0,0.0,0.0,0.0,0.0,0.0,0.0,0.0,0.0,20260603_182301__CalendarFuturesStrategy__BNB_FUT_2021__BTC_USDT,BNB Calendar Futures 1x long+short
20260603_182304,CalendarFuturesStrategy,BNB_FUT_2022,BTC/USDT,20220101-20230101,10000.0,0,0.0,0.0,0.0,0.0,0.0,0.0,0.0,0.0,20260603_182304__CalendarFuturesStrategy__BNB_FUT_2022__BTC_USDT,BNB Calendar Futures 1x long+short
20260603_182308,CalendarFuturesStrategy,BNB_FUT_2023,BTC/USDT,20230101-20240101,10000.0,0,0.0,0.0,0.0,0.0,0.0,0.0,0.0,0.0,20260603_182308__CalendarFuturesStrategy__BNB_FUT_2023__BTC_USDT,BNB Calendar Futures 1x long+short
20260603_182311,CalendarFuturesStrategy,BNB_FUT_2024,BTC/USDT,20240101-20250101,10000.0,0,0.0,0.0,0.0,0.0,0.0,0.0,0.0,0.0,20260603_182311__CalendarFuturesStrategy__BNB_FUT_2024__BTC_USDT,BNB Calendar Futures 1x long+short
20260603_182314,CalendarFuturesStrategy,BNB_FUT_2025,BTC/USDT,20250101-20260101,10000.0,0,0.0,0.0,0.0,0.0,0.0,0.0,0.0,0.0,20260603_182314__CalendarFuturesStrategy__BNB_FUT_2025__BTC_USDT,BNB Calendar Futures 1x long+short
20260603_182317,CalendarFuturesStrategy,BNB_FUT_2026,BTC/USDT,20260101-20260601,10000.0,0,0.0,0.0,0.0,0.0,0.0,0.0,0.0,0.0,20260603_182317__CalendarFuturesStrategy__BNB_FUT_2026__BTC_USDT,BNB Calendar Futures 1x long+short
20260604_110612,CalendarFuturesStrategy,BTCFUT_2021,BTC/USDT,20210101-20220101,10000.0,3,33.33,3.533,2.407,0.135,0.494,2.468,19.337,353.27141982,20260604_110612__CalendarFuturesStrategy__BTCFUT_2021__BTC_USDT,BTC Calendar Futures 1x long+short
20260604_110615,CalendarFuturesStrategy,BTCFUT_2022,BTC/USDT,20220101-20230101,10000.0,4,75.0,18.398,2.831,0.173,-100.0,7.498,34.01,1839.7563958200003,20260604_110615__CalendarFuturesStrategy__BTCFUT_2022__BTC_USDT,BTC Calendar Futures 1x long+short
20260604_110619,CalendarFuturesStrategy,BTCFUT_2023,BTC/USDT,20230101-20240101,10000.0,7,71.43,33.888,1.476,0.408,2.344,21.994,120.137,3388.7808784,20260604_110619__CalendarFuturesStrategy__BTCFUT_2023__BTC_USDT,BTC Calendar Futures 1x long+short
20260604_110623,CalendarFuturesStrategy,BTCFUT_2024,BTC/USDT,20240101-20250101,10000.0,12,41.67,12.589,23.667,0.071,0.118,1.373,2.776,1258.85003097,20260604_110623__CalendarFuturesStrategy__BTCFUT_2024__BTC_USDT,BTC Calendar Futures 1x long+short
20260604_110626,CalendarFuturesStrategy,BTCFUT_2025,BTC/USDT,20250101-20260101,10000.0,4,50.0,1.683,8.481,0.016,0.044,1.183,1.039,168.26579440000003,20260604_110626__CalendarFuturesStrategy__BTCFUT_2025__BTC_USDT,BTC Calendar Futures 1x long+short
20260604_110630,CalendarFuturesStrategy,BTCFUT_2026,BTC/USDT,20260101-20260601,10000.0,1,100.0,0.497,0.0,-100.0,-100.0,0.0,-100.0,49.71716164,20260604_110630__CalendarFuturesStrategy__BTCFUT_2026__BTC_USDT,BTC Calendar Futures 1x long+short
20260604_110634,CalendarFuturesStrategy,ETHFUT_2021,BTC/USDT,20210101-20220101,10000.0,3,33.33,-11.916,15.724,-0.192,-0.232,0.275,-9.984,-1191.56469585,20260604_110634__CalendarFuturesStrategy__ETHFUT_2021__BTC_USDT,ETH Calendar Futures 1x long+short
20260604_110638,CalendarFuturesStrategy,ETHFUT_2022,BTC/USDT,20220101-20230101,10000.0,4,75.0,37.406,4.566,0.211,-100.0,9.191,42.876,3740.63210405,20260604_110638__CalendarFuturesStrategy__ETHFUT_2022__BTC_USDT,ETH Calendar Futures 1x long+short
20260604_110645,CalendarFuturesStrategy,ETHFUT_2023,BTC/USDT,20230101-20240101,10000.0,4,100.0,25.095,0.0,0.298,-100.0,0.0,-100.0,2509.50911743,20260604_110645__CalendarFuturesStrategy__ETHFUT_2023__BTC_USDT,ETH Calendar Futures 1x long+short
20260604_110651,CalendarFuturesStrategy,ETHFUT_2024,BTC/USDT,20240101-20250101,10000.0,3,33.33,0.485,6.5,0.005,0.009,1.069,0.389,48.50418388999995,20260604_110651__CalendarFuturesStrategy__ETHFUT_2024__BTC_USDT,ETH Calendar Futures 1x long+short
20260604_110657,CalendarFuturesStrategy,ETHFUT_2025,BTC/USDT,20250101-20260101,10000.0,2,100.0,29.017,0.0,0.109,-100.0,0.0,-100.0,2901.7451167,20260604_110657__CalendarFuturesStrategy__ETHFUT_2025__BTC_USDT,ETH Calendar Futures 1x long+short
20260604_110702,CalendarFuturesStrategy,ETHFUT_2026,BTC/USDT,20260101-20260601,10000.0,2,100.0,0.406,0.0,0.328,-100.0,0.0,-100.0,40.55127696,20260604_110702__CalendarFuturesStrategy__ETHFUT_2026__BTC_USDT,ETH Calendar Futures 1x long+short
20260604_110706,CalendarFuturesStrategy,BNBFUT_2021,BTC/USDT,20210101-20220101,10000.0,4,75.0,15.276,0.313,0.508,-100.0,49.865,643.841,1527.61299199,20260604_110706__CalendarFuturesStrategy__BNBFUT_2021__BTC_USDT,BNB Calendar Futures 1x long+short
20260604_110711,CalendarFuturesStrategy,BNBFUT_2022,BTC/USDT,20220101-20230101,10000.0,6,66.67,19.403,1.43,0.207,1.377,10.759,71.041,1940.27793176,20260604_110711__CalendarFuturesStrategy__BNBFUT_2022__BTC_USDT,BNB Calendar Futures 1x long+short
20260604_110717,CalendarFuturesStrategy,BNBFUT_2023,BTC/USDT,20230101-20240101,10000.0,5,40.0,2.263,7.236,0.025,0.059,1.312,1.637,226.2763196,20260604_110717__CalendarFuturesStrategy__BNBFUT_2023__BTC_USDT,BNB Calendar Futures 1x long+short
20260604_110722,CalendarFuturesStrategy,BNBFUT_2024,BTC/USDT,20240101-20250101,10000.0,5,80.0,41.675,5.31,0.143,-100.0,6.246,40.971,4167.50695268,20260604_110722__CalendarFuturesStrategy__BNBFUT_2024__BTC_USDT,BNB Calendar Futures 1x long+short
20260604_110726,CalendarFuturesStrategy,BNBFUT_2025,BTC/USDT,20250101-20260101,10000.0,3,66.67,36.246,2.348,0.098,-100.0,12.063,80.794,3624.6332411,20260604_110726__CalendarFuturesStrategy__BNBFUT_2025__BTC_USDT,BNB Calendar Futures 1x long+short
20260604_110730,CalendarFuturesStrategy,BNBFUT_2026,BTC/USDT,20260101-20260601,10000.0,1,0.0,-0.595,0.595,-100.0,-100.0,0.0,-12.652,-59.53562398,20260604_110730__CalendarFuturesStrategy__BNBFUT_2026__BTC_USDT,BNB Calendar Futures 1x long+short
20260604_111715,CalendarFuturesStrategy,BTCFUTV2_2021,BTC/USDT,20210101-20220101,10000.0,3,33.33,6.036,2.407,0.172,0.844,3.507,33.036,603.55185083,20260604_111715__CalendarFuturesStrategy__BTCFUTV2_2021__BTC_USDT,BTC Calendar Futures v2 with rebalance
20260604_111719,CalendarFuturesStrategy,BTCFUTV2_2022,BTC/USDT,20220101-20230101,10000.0,4,75.0,18.398,2.831,0.173,-100.0,7.498,34.01,1839.7563958200003,20260604_111719__CalendarFuturesStrategy__BTCFUTV2_2022__BTC_USDT,BTC Calendar Futures v2 with rebalance
20260604_111722,CalendarFuturesStrategy,BTCFUTV2_2023,BTC/USDT,20230101-20240101,10000.0,7,71.43,34.962,1.582,0.408,2.624,21.177,115.653,3496.19664491,20260604_111722__CalendarFuturesStrategy__BTCFUTV2_2023__BTC_USDT,BTC Calendar Futures v2 with rebalance
20260604_111726,CalendarFuturesStrategy,BTCFUTV2_2024,BTC/USDT,20240101-20250101,10000.0,12,41.67,12.684,23.543,0.072,0.119,1.377,2.812,1268.44521069,20260604_111726__CalendarFuturesStrategy__BTCFUTV2_2024__BTC_USDT,BTC Calendar Futures v2 with rebalance
20260604_111730,CalendarFuturesStrategy,BTCFUTV2_2025,BTC/USDT,20250101-20260101,10000.0,4,50.0,1.683,8.481,0.016,0.044,1.183,1.039,168.26579440000003,20260604_111730__CalendarFuturesStrategy__BTCFUTV2_2025__BTC_USDT,BTC Calendar Futures v2 with rebalance
20260604_111733,CalendarFuturesStrategy,BTCFUTV2_2026,BTC/USDT,20260101-20260601,10000.0,1,100.0,0.497,0.0,-100.0,-100.0,0.0,-100.0,49.71716164,20260604_111733__CalendarFuturesStrategy__BTCFUTV2_2026__BTC_USDT,BTC Calendar Futures v2 with rebalance
20260604_111737,CalendarFuturesStrategy,ETHFUTV2_2021,BTC/USDT,20210101-20220101,10000.0,3,66.67,-9.635,14.336,-0.15,-100.0,0.357,-8.855,-963.46374183,20260604_111737__CalendarFuturesStrategy__ETHFUTV2_2021__BTC_USDT,ETH Calendar Futures v2 with rebalance
20260604_111740,CalendarFuturesStrategy,ETHFUTV2_2022,BTC/USDT,20220101-20230101,10000.0,4,75.0,39.129,4.566,0.211,-100.0,9.569,44.85,3912.87235555,20260604_111740__CalendarFuturesStrategy__ETHFUTV2_2022__BTC_USDT,ETH Calendar Futures v2 with rebalance
20260604_111744,CalendarFuturesStrategy,ETHFUTV2_2023,BTC/USDT,20230101-20240101,10000.0,4,100.0,25.208,0.0,0.374,-100.0,0.0,-100.0,2520.82626483,20260604_111744__CalendarFuturesStrategy__ETHFUTV2_2023__BTC_USDT,ETH Calendar Futures v2 with rebalance
20260604_111748,CalendarFuturesStrategy,ETHFUTV2_2024,BTC/USDT,20240101-20250101,10000.0,3,33.33,0.485,6.5,0.005,0.009,1.069,0.389,48.50418388999995,20260604_111748__CalendarFuturesStrategy__ETHFUTV2_2024__BTC_USDT,ETH Calendar Futures v2 with rebalance
20260604_111751,CalendarFuturesStrategy,ETHFUTV2_2025,BTC/USDT,20250101-20260101,10000.0,2,100.0,29.017,0.0,0.109,-100.0,0.0,-100.0,2901.7451167,20260604_111751__CalendarFuturesStrategy__ETHFUTV2_2025__BTC_USDT,ETH Calendar Futures v2 with rebalance
20260604_111755,CalendarFuturesStrategy,ETHFUTV2_2026,BTC/USDT,20260101-20260601,10000.0,2,100.0,0.406,0.0,0.328,-100.0,0.0,-100.0,40.55127696,20260604_111755__CalendarFuturesStrategy__ETHFUTV2_2026__BTC_USDT,ETH Calendar Futures v2 with rebalance
20260604_111759,CalendarFuturesStrategy,BNBFUTV2_2021,BTC/USDT,20210101-20220101,10000.0,4,75.0,15.61,0.313,0.512,-100.0,50.933,657.914,1561.00389314,20260604_111759__CalendarFuturesStrategy__BNBFUTV2_2021__BTC_USDT,BNB Calendar Futures v2 with rebalance
20260604_111803,CalendarFuturesStrategy,BNBFUTV2_2022,BTC/USDT,20220101-20230101,10000.0,6,66.67,19.088,1.43,0.202,1.358,10.622,69.876,1908.84689281,20260604_111803__CalendarFuturesStrategy__BNBFUTV2_2022__BTC_USDT,BNB Calendar Futures v2 with rebalance
20260604_111807,CalendarFuturesStrategy,BNBFUTV2_2023,BTC/USDT,20230101-20240101,10000.0,5,40.0,2.696,7.253,0.03,0.071,1.369,1.946,269.58968616000004,20260604_111807__CalendarFuturesStrategy__BNBFUTV2_2023__BTC_USDT,BNB Calendar Futures v2 with rebalance
20260604_111810,CalendarFuturesStrategy,BNBFUTV2_2024,BTC/USDT,20240101-20250101,10000.0,5,80.0,44.18,5.309,0.143,-100.0,6.466,43.442,4418.0400664,20260604_111810__CalendarFuturesStrategy__BNBFUTV2_2024__BTC_USDT,BNB Calendar Futures v2 with rebalance
20260604_111814,CalendarFuturesStrategy,BNBFUTV2_2025,BTC/USDT,20250101-20260101,10000.0,3,66.67,36.248,2.348,0.098,-100.0,12.064,80.8,3624.84154552,20260604_111814__CalendarFuturesStrategy__BNBFUTV2_2025__BTC_USDT,BNB Calendar Futures v2 with rebalance
20260604_111818,CalendarFuturesStrategy,BNBFUTV2_2026,BTC/USDT,20260101-20260601,10000.0,1,0.0,-0.595,0.595,-100.0,-100.0,0.0,-12.652,-59.53562398,20260604_111818__CalendarFuturesStrategy__BNBFUTV2_2026__BTC_USDT,BNB Calendar Futures v2 with rebalance
20260604_135036,BtcTripleRegimeStrategy,LINK_TRI_2021,BTC/USDT,20210101-20220101,10000.0,5,40.0,-4.293,19.785,-0.021,-0.06,0.846,-1.136,-429.3100751600001,20260604_135036__BtcTripleRegimeStrategy__LINK_TRI_2021__BTC_USDT,LINK Triple Regime
20260604_135040,BtcTripleRegimeStrategy,LINK_TRI_2022,BTC/USDT,20220101-20230101,10000.0,1,0.0,-5.895,5.895,-100.0,-100.0,0.0,-5.234,-589.53076,20260604_135040__BtcTripleRegimeStrategy__LINK_TRI_2022__BTC_USDT,LINK Triple Regime
20260604_135043,BtcTripleRegimeStrategy,LINK_TRI_2023,BTC/USDT,20230101-20240101,10000.0,3,66.67,-1.605,4.086,-0.033,-100.0,0.607,-2.056,-160.45344014999998,20260604_135043__BtcTripleRegimeStrategy__LINK_TRI_2023__BTC_USDT,LINK Triple Regime
20260604_135047,BtcTripleRegimeStrategy,LINK_TRI_2024,BTC/USDT,20240101-20250101,10000.0,3,33.33,3.027,2.625,0.043,0.139,2.016,6.019,302.66902612,20260604_135047__BtcTripleRegimeStrategy__LINK_TRI_2024__BTC_USDT,LINK Triple Regime
20260604_135050,BtcTripleRegimeStrategy,LINK_TRI_2025,BTC/USDT,20250101-20260101,10000.0,1,0.0,-0.322,0.322,-100.0,-100.0,0.0,-5.234,-32.217372,20260604_135050__BtcTripleRegimeStrategy__LINK_TRI_2025__BTC_USDT,LINK Triple Regime
20260604_135054,BtcTripleRegimeStrategy,LINK_TRI_2026,BTC/USDT,20260101-20260601,10000.0,0,0.0,0.0,0.0,0.0,0.0,0.0,0.0,0.0,20260604_135054__BtcTripleRegimeStrategy__LINK_TRI_2026__BTC_USDT,LINK Triple Regime
20260604_135057,BtcTripleRegimeStrategy,LTC_TRI_2021,BTC/USDT,20210101-20220101,10000.0,1,0.0,-3.22,3.22,-100.0,-100.0,0.0,-13.176,-321.98594985,20260604_135057__BtcTripleRegimeStrategy__LTC_TRI_2021__BTC_USDT,LTC Triple Regime
20260604_135101,BtcTripleRegimeStrategy,LTC_TRI_2022,BTC/USDT,20220101-20230101,10000.0,1,0.0,-14.942,14.942,-100.0,-100.0,0.0,-5.234,-1494.19338714,20260604_135101__BtcTripleRegimeStrategy__LTC_TRI_2022__BTC_USDT,LTC Triple Regime
20260604_135104,BtcTripleRegimeStrategy,LTC_TRI_2023,BTC/USDT,20230101-20240101,10000.0,1,100.0,2.971,0.0,-100.0,-100.0,0.0,-100.0,297.08797062,20260604_135104__BtcTripleRegimeStrategy__LTC_TRI_2023__BTC_USDT,LTC Triple Regime
20260604_135108,BtcTripleRegimeStrategy,LTC_TRI_2024,BTC/USDT,20240101-20250101,10000.0,0,0.0,0.0,0.0,0.0,0.0,0.0,0.0,0.0,20260604_135108__BtcTripleRegimeStrategy__LTC_TRI_2024__BTC_USDT,LTC Triple Regime
20260604_135111,BtcTripleRegimeStrategy,LTC_TRI_2025,BTC/USDT,20250101-20260101,10000.0,1,0.0,-5.621,5.621,-100.0,-100.0,0.0,-5.234,-562.070364,20260604_135111__BtcTripleRegimeStrategy__LTC_TRI_2025__BTC_USDT,LTC Triple Regime
20260604_135115,BtcTripleRegimeStrategy,LTC_TRI_2026,BTC/USDT,20260101-20260601,10000.0,0,0.0,0.0,0.0,0.0,0.0,0.0,0.0,0.0,20260604_135115__BtcTripleRegimeStrategy__LTC_TRI_2026__BTC_USDT,LTC Triple Regime
20260604_135118,BtcTripleRegimeStrategy,DOT_TRI_2021,BTC/USDT,20210101-20220101,10000.0,2,50.0,-5.498,8.803,-0.114,-100.0,0.397,-8.229,-549.8136861999999,20260604_135118__BtcTripleRegimeStrategy__DOT_TRI_2021__BTC_USDT,DOT Triple Regime
20260604_135122,BtcTripleRegimeStrategy,DOT_TRI_2022,BTC/USDT,20220101-20230101,10000.0,0,0.0,0.0,0.0,0.0,0.0,0.0,0.0,0.0,20260604_135122__BtcTripleRegimeStrategy__DOT_TRI_2022__BTC_USDT,DOT Triple Regime
20260604_135125,BtcTripleRegimeStrategy,DOT_TRI_2023,BTC/USDT,20230101-20240101,10000.0,0,0.0,0.0,0.0,0.0,0.0,0.0,0.0,0.0,20260604_135125__BtcTripleRegimeStrategy__DOT_TRI_2023__BTC_USDT,DOT Triple Regime
20260604_135129,BtcTripleRegimeStrategy,DOT_TRI_2024,BTC/USDT,20240101-20250101,10000.0,0,0.0,0.0,0.0,0.0,0.0,0.0,0.0,0.0,20260604_135129__BtcTripleRegimeStrategy__DOT_TRI_2024__BTC_USDT,DOT Triple Regime
20260604_135132,BtcTripleRegimeStrategy,DOT_TRI_2025,BTC/USDT,20250101-20260101,10000.0,0,0.0,0.0,0.0,0.0,0.0,0.0,0.0,0.0,20260604_135132__BtcTripleRegimeStrategy__DOT_TRI_2025__BTC_USDT,DOT Triple Regime
20260604_135135,BtcTripleRegimeStrategy,DOT_TRI_2026,BTC/USDT,20260101-20260601,10000.0,0,0.0,0.0,0.0,0.0,0.0,0.0,0.0,0.0,20260604_135135__BtcTripleRegimeStrategy__DOT_TRI_2026__BTC_USDT,DOT Triple Regime
20260604_140916,SolVolShieldStrategy,LTC_VOL_2021,BTC/USDT,20210101-20220101,10000.0,1,0.0,-2.304,2.304,-100.0,-100.0,0.0,-13.176,-230.373179,20260604_140916__SolVolShieldStrategy__LTC_VOL_2021__BTC_USDT,LTC VolShield
20260604_140920,SolVolShieldStrategy,LTC_VOL_2022,BTC/USDT,20220101-20230101,10000.0,0,0.0,0.0,0.0,0.0,0.0,0.0,0.0,0.0,20260604_140920__SolVolShieldStrategy__LTC_VOL_2022__BTC_USDT,LTC VolShield
20260604_140923,SolVolShieldStrategy,LTC_VOL_2023,BTC/USDT,20230101-20240101,10000.0,1,100.0,7.4,0.0,-100.0,-100.0,0.0,-100.0,740.0024742,20260604_140923__SolVolShieldStrategy__LTC_VOL_2023__BTC_USDT,LTC VolShield
20260604_140927,SolVolShieldStrategy,LTC_VOL_2024,BTC/USDT,20240101-20250101,10000.0,1,100.0,1.815,0.0,-100.0,-100.0,0.0,-100.0,181.459504,20260604_140927__SolVolShieldStrategy__LTC_VOL_2024__BTC_USDT,LTC VolShield
20260604_140930,SolVolShieldStrategy,LTC_VOL_2025,BTC/USDT,20250101-20260101,10000.0,1,0.0,-2.389,2.389,-100.0,-100.0,0.0,-5.234,-238.8697038,20260604_140930__SolVolShieldStrategy__LTC_VOL_2025__BTC_USDT,LTC VolShield
20260604_140934,SolVolShieldStrategy,LTC_VOL_2026,BTC/USDT,20260101-20260601,10000.0,0,0.0,0.0,0.0,0.0,0.0,0.0,0.0,0.0,20260604_140934__SolVolShieldStrategy__LTC_VOL_2026__BTC_USDT,LTC VolShield
20260604_140937,SolVolShieldStrategy,DOT_VOL_2021,BTC/USDT,20210101-20220101,10000.0,0,0.0,0.0,0.0,0.0,0.0,0.0,0.0,0.0,20260604_140937__SolVolShieldStrategy__DOT_VOL_2021__BTC_USDT,DOT VolShield
20260604_140941,SolVolShieldStrategy,DOT_VOL_2022,BTC/USDT,20220101-20230101,10000.0,0,0.0,0.0,0.0,0.0,0.0,0.0,0.0,0.0,20260604_140941__SolVolShieldStrategy__DOT_VOL_2022__BTC_USDT,DOT VolShield
20260604_140944,SolVolShieldStrategy,DOT_VOL_2023,BTC/USDT,20230101-20240101,10000.0,1,100.0,5.773,0.0,-100.0,-100.0,0.0,-100.0,577.3416831,20260604_140944__SolVolShieldStrategy__DOT_VOL_2023__BTC_USDT,DOT VolShield
20260604_140948,SolVolShieldStrategy,DOT_VOL_2024,BTC/USDT,20240101-20250101,10000.0,2,0.0,-11.37,11.37,-0.146,-0.146,0.0,-5.22,-1137.01939854,20260604_140948__SolVolShieldStrategy__DOT_VOL_2024__BTC_USDT,DOT VolShield
20260604_140951,SolVolShieldStrategy,DOT_VOL_2025,BTC/USDT,20250101-20260101,10000.0,0,0.0,0.0,0.0,0.0,0.0,0.0,0.0,0.0,20260604_140951__SolVolShieldStrategy__DOT_VOL_2025__BTC_USDT,DOT VolShield
20260604_140954,SolVolShieldStrategy,DOT_VOL_2026,BTC/USDT,20260101-20260601,10000.0,0,0.0,0.0,0.0,0.0,0.0,0.0,0.0,0.0,20260604_140954__SolVolShieldStrategy__DOT_VOL_2026__BTC_USDT,DOT VolShield
20260604_154021,BtcTripleRegimeStrategy,ATOM_TRIPLE_2021,BTC/USDT,20210101-20220101,10000.0,1,100.0,0.797,0.0,-100.0,-100.0,0.0,-100.0,79.6692281,20260604_154021__BtcTripleRegimeStrategy__ATOM_TRIPLE_2021__BTC_USDT,ATOM triple
20260604_154025,BtcTripleRegimeStrategy,ATOM_TRIPLE_2022,BTC/USDT,20220101-20230101,10000.0,0,0.0,0.0,0.0,0.0,0.0,0.0,0.0,0.0,20260604_154025__BtcTripleRegimeStrategy__ATOM_TRIPLE_2022__BTC_USDT,ATOM triple
20260604_154029,BtcTripleRegimeStrategy,ATOM_TRIPLE_2023,BTC/USDT,20230101-20240101,10000.0,3,66.67,1.12,3.449,0.021,-100.0,1.318,1.7,111.99618899,20260604_154029__BtcTripleRegimeStrategy__ATOM_TRIPLE_2023__BTC_USDT,ATOM triple
20260604_154032,BtcTripleRegimeStrategy,ATOM_TRIPLE_2024,BTC/USDT,20240101-20250101,10000.0,0,0.0,0.0,0.0,0.0,0.0,0.0,0.0,0.0,20260604_154032__BtcTripleRegimeStrategy__ATOM_TRIPLE_2024__BTC_USDT,ATOM triple
20260604_154035,BtcTripleRegimeStrategy,ATOM_TRIPLE_2025,BTC/USDT,20250101-20260101,10000.0,1,0.0,-1.398,1.398,-100.0,-100.0,0.0,-5.234,-139.80348894,20260604_154035__BtcTripleRegimeStrategy__ATOM_TRIPLE_2025__BTC_USDT,ATOM triple
20260604_154038,BtcTripleRegimeStrategy,ATOM_TRIPLE_2026,BTC/USDT,20260101-20260601,10000.0,0,0.0,0.0,0.0,0.0,0.0,0.0,0.0,0.0,20260604_154038__BtcTripleRegimeStrategy__ATOM_TRIPLE_2026__BTC_USDT,ATOM triple
20260604_154042,BtcTripleRegimeStrategy,NEAR_TRIPLE_2021,BTC/USDT,20210101-20220101,10000.0,2,50.0,-16.367,18.351,-0.203,-100.0,0.129,-11.751,-1636.7184968,20260604_154042__BtcTripleRegimeStrategy__NEAR_TRIPLE_2021__BTC_USDT,NEAR triple
20260604_154045,BtcTripleRegimeStrategy,NEAR_TRIPLE_2022,BTC/USDT,20220101-20230101,10000.0,2,50.0,16.935,4.312,0.065,-100.0,4.214,20.557,1693.498611,20260604_154045__BtcTripleRegimeStrategy__NEAR_TRIPLE_2022__BTC_USDT,NEAR triple
20260604_154048,BtcTripleRegimeStrategy,NEAR_TRIPLE_2023,BTC/USDT,20230101-20240101,10000.0,1,100.0,9.641,0.0,-100.0,-100.0,0.0,-100.0,964.074216,20260604_154048__BtcTripleRegimeStrategy__NEAR_TRIPLE_2023__BTC_USDT,NEAR triple
20260604_154052,BtcTripleRegimeStrategy,NEAR_TRIPLE_2024,BTC/USDT,20240101-20250101,10000.0,3,0.0,-15.854,15.854,-0.207,-0.207,0.0,-5.22,-1585.4275853999998,20260604_154052__BtcTripleRegimeStrategy__NEAR_TRIPLE_2024__BTC_USDT,NEAR triple
20260604_154055,BtcTripleRegimeStrategy,NEAR_TRIPLE_2025,BTC/USDT,20250101-20260101,10000.0,0,0.0,0.0,0.0,0.0,0.0,0.0,0.0,0.0,20260604_154055__BtcTripleRegimeStrategy__NEAR_TRIPLE_2025__BTC_USDT,NEAR triple
20260604_154058,BtcTripleRegimeStrategy,NEAR_TRIPLE_2026,BTC/USDT,20260101-20260601,10000.0,0,0.0,0.0,0.0,0.0,0.0,0.0,0.0,0.0,20260604_154058__BtcTripleRegimeStrategy__NEAR_TRIPLE_2026__BTC_USDT,NEAR triple
20260604_154102,BtcCalendarShieldStrategy,BCH_CALENDAR_2021,BTC/USDT,20210101-20220101,10000.0,3,0.0,-31.757,31.757,-0.703,-0.703,0.0,-13.176,-3175.7349147,20260604_154102__BtcCalendarShieldStrategy__BCH_CALENDAR_2021__BTC_USDT,BCH calendar
20260604_154106,BtcCalendarShieldStrategy,BCH_CALENDAR_2022,BTC/USDT,20220101-20230101,10000.0,0,0.0,0.0,0.0,0.0,0.0,0.0,0.0,0.0,20260604_154106__BtcCalendarShieldStrategy__BCH_CALENDAR_2022__BTC_USDT,BCH calendar
20260604_154109,BtcCalendarShieldStrategy,BCH_CALENDAR_2023,BTC/USDT,20230101-20240101,10000.0,6,50.0,16.991,4.482,0.134,0.6,2.87,19.842,1699.127715,20260604_154109__BtcCalendarShieldStrategy__BCH_CALENDAR_2023__BTC_USDT,BCH calendar
20260604_154113,BtcCalendarShieldStrategy,BCH_CALENDAR_2024,BTC/USDT,20240101-20250101,10000.0,6,66.67,21.644,24.439,0.036,0.228,1.315,4.623,2164.387347,20260604_154113__BtcCalendarShieldStrategy__BCH_CALENDAR_2024__BTC_USDT,BCH calendar
20260604_154116,BtcCalendarShieldStrategy,BCH_CALENDAR_2025,BTC/USDT,20250101-20260101,10000.0,2,100.0,19.93,0.0,0.112,-100.0,0.0,-100.0,1992.9723968,20260604_154116__BtcCalendarShieldStrategy__BCH_CALENDAR_2025__BTC_USDT,BCH calendar
20260604_154120,BtcCalendarShieldStrategy,BCH_CALENDAR_2026,BTC/USDT,20260101-20260601,10000.0,0,0.0,0.0,0.0,0.0,0.0,0.0,0.0,0.0,20260604_154120__BtcCalendarShieldStrategy__BCH_CALENDAR_2026__BTC_USDT,BCH calendar
20260604_154124,BtcCalendarShieldStrategy,XRP_CALENDAR_2021,BTC/USDT,20210101-20220101,10000.0,2,50.0,17.584,9.554,0.109,-100.0,2.416,24.25,1758.4085366000002,20260604_154124__BtcCalendarShieldStrategy__XRP_CALENDAR_2021__BTC_USDT,XRP calendar
20260604_154127,BtcCalendarShieldStrategy,XRP_CALENDAR_2022,BTC/USDT,20220101-20230101,10000.0,0,0.0,0.0,0.0,0.0,0.0,0.0,0.0,0.0,20260604_154127__BtcCalendarShieldStrategy__XRP_CALENDAR_2022__BTC_USDT,XRP calendar
20260604_154131,BtcCalendarShieldStrategy,XRP_CALENDAR_2023,BTC/USDT,20230101-20240101,10000.0,5,40.0,19.963,11.858,0.069,0.188,1.918,8.812,1996.3335905,20260604_154131__BtcCalendarShieldStrategy__XRP_CALENDAR_2023__BTC_USDT,XRP calendar
20260604_154134,BtcCalendarShieldStrategy,XRP_CALENDAR_2024,BTC/USDT,20240101-20250101,10000.0,4,25.0,111.484,11.637,0.074,0.701,3.146,50.006,11148.35355095,20260604_154134__BtcCalendarShieldStrategy__XRP_CALENDAR_2024__BTC_USDT,XRP calendar
20260604_154138,BtcCalendarShieldStrategy,XRP_CALENDAR_2025,BTC/USDT,20250101-20260101,10000.0,1,100.0,4.633,0.0,-100.0,-100.0,0.0,-100.0,463.33503693000006,20260604_154138__BtcCalendarShieldStrategy__XRP_CALENDAR_2025__BTC_USDT,XRP calendar
20260604_154141,BtcCalendarShieldStrategy,XRP_CALENDAR_2026,BTC/USDT,20260101-20260601,10000.0,0,0.0,0.0,0.0,0.0,0.0,0.0,0.0,0.0,20260604_154141__BtcCalendarShieldStrategy__XRP_CALENDAR_2026__BTC_USDT,XRP calendar
